subreddit,UNITID,EFALEVEL,LINE,SECTION,LSTUDY,EFTOTLT,EFTOTLM,EFTOTLW,EFAIANT,EFAIANM,EFAIANW,EFASIAT,EFASIAM,EFASIAW,EFBKAAT,EFBKAAM,EFBKAAW,EFHISPT,EFHISPM,EFHISPW,EFNHPIT,EFNHPIM,EFNHPIW,EFWHITT,EFWHITM,EFWHITW,EF2MORT,EF2MORM,EF2MORW,EFUNKNT,EFUNKNM,EFUNKNW,EFNRALT,EFNRALM,EFNRALW,EFGNDRUN,EFGNDRAN,EFGNDRUA,EFGNDRKN,ENRTOT,FTE,ENRFT,ENRPT,PCTENRWH,PCTENRBK,PCTENRHS,PCTENRAP,PCTENRAS,PCTENRNH,PCTENRAN,PCTENR2M,PCTENRUN,PCTENRNR,PCTENRW,PCTFT1ST,EFUG,EFUG1ST,EFUGTRN,EFUGCNT,EFUGNDG,EFUGFT,EFUG1SFT,EFUGTRFT,EFUGCNFT,EFUGNDFT,EFUGPT,EFUG1SPT,EFUGTRPT,EFUGCNPT,EFUGNDPT,PCUENRWH,PCUENRBK,PCUENRHS,PCUENRAP,PCUENRAS,PCUENRNH,PCUENRAN,PCUENR2M,PCUENRUN,PCUENRNR,PCUENRW,EFGRAD,EFGRADFT,EFGRADPT,PCGENRWH,PCGENRBK,PCGENRHS,PCGENRAP,PCGENRAS,PCGENRNH,PCGENRAN,PCGENR2M,PCGENRUN,PCGENRNR,PCGENRW,DVEF01,DVEF02,DVEF03,DVEF05,DVEF06,DVEF07,DVEF09,DVEF10,DVEF11,DVEF13,DVEF14,DVEF15,DVEF16,RMINSTTN,RMOUSTTN,RMFRGNCN,RMUNKNWN,RMINSTTP,RMOUSTTP,RMFRGNCP,RMUNKNWP,PCTDEEXC,PCTDESOM,PCTDENON,PCUDEEXC,PCUDESOM,PCUDENON,PCGDEEXC,PCGDESOM,PCGDENON,SCFA1N,SCFA1P,SCFA11N,SCFA11P,SCFA12N,SCFA12P,SCFA13N,SCFA13P,SCFA14N,SCFA14P,SCFA2,SCFY1N,SCFY1P,SCFY2,ANYAIDN,ANYAIDP,FGRNT_N,FGRNT_P,FGRNT_A,SGRNT_N,SGRNT_P,SGRNT_A,IGRNT_N,IGRNT_P,IGRNT_A,LOAN_N,LOAN_P,LOAN_A,SCUGFFN,SCUGRAD,UAGRNTT,UPGRNTN,AGRNT_N,AGRNT_P,AGRNT_A,PGRNT_N,PGRNT_P,PGRNT_A,OFGRT_N,OFGRT_P,OFGRT_A,FLOAN_N,FLOAN_P,FLOAN_A,OLOAN_N,OLOAN_P,OLOAN_A,UAGRNTN,UAGRNTP,UAGRNTA,UPGRNTP,UPGRNTT,UPGRNTA,UFLOANN,UFLOANP,UFLOANT,UFLOANA,AGRNT_T,FGRNT_T,PGRNT_T,OFGRT_T,SGRNT_T,IGRNT_T,LOAN_T,FLOAN_T,OLOAN_T,AIDFSIN,AIDFSIP,SCUGDGSK,SCUGNDGS,SCFA2DG,SCFY2DG,SCFY2ND,UDGAGRNTN,UDGAGRNTP,UDGAGRNTT,UDGAGRNTA,UNDAGRNTN,UNDAGRNTP,UNDAGRNTT,UNDAGRNTA,UDGPGRNTN,UDGPGRNTP,UDGPGRNTT,UDGPGRNTA,UNDPGRNTN,UNDPGRNTP,UNDPGRNTT,UNDPGRNTA,UDGFLOANN,UDGFLOANP,UDGFLOANT,UDGFLOANA,UNDFLOANN,UNDFLOANP,UNDFLOANT,UNDFLOANA
berkeley,110635,1,29,3,4,45699,21030,24669,65,21,44,14082,6451,7631,1152,465,687,8474,3322,5152,51,29,22,10034,4643,5391,2608,1090,1518,1421,706,715,7812,4303,3509,835,957,1792,43907,45699,43129,41572,4127,22,3,19,31,31,0,0,6,3,17,54,20,33078,6641,2822,23610,5,31548,6604,2696,22243,5,1530,37,126,1367,0,20,2,22,35,35,0,0,6,3,11,56,12621,10024,2597,28,4,10,19,19,0,0,4,2,32,49,10750,1665,9085,8055,1272,6783,2695,393,2302,2,93,5,0,5271,678,692,0,79,10,10,0,4,19,77,0,21,78,13,13,74,6680,21,0,0,5162,77,1518,23,0,0,32479,NA,NA,NA,4081,61,1646,25,5903,2608,39,12470,3048,46,14826,1390,21,6529,6680,32479,428386093,8876,3369,50,25951,1633,24,5626,914,14,578,1326,20,4463,465,7,6790,18629,57,22996,27,46726067,5264,5922,18,32632404,5510,87428234,9715777,9187434,528343,32521814,45190643,9075847,5918434,3157413,3722,56,32475,4,32475,NA,NA,18627,57,428323939,22995,2,50,62154,31077,8876,27,46726067,5264,0,0,0,NA,5922,18,32632404,5510,0,0,0,NA
UCDavis,110644,1,29,3,4,39707,16423,23284,78,23,55,11279,4689,6590,793,266,527,9009,3071,5938,86,41,45,9202,3787,5415,2460,946,1514,818,352,466,5982,3248,2734,1006,1057,2063,37644,39707,38771,38184,1523,23,2,23,29,28,0,0,6,2,15,59,20,31797,6577,2637,22563,20,30929,6412,2585,21912,20,868,165,52,651,0,21,2,25,32,31,0,0,6,2,13,59,7910,7255,655,34,3,15,17,17,0,1,6,2,23,56,7033,1224,5809,6338,1081,5257,695,143,552,3,94,4,0,5206,348,1020,3,79,5,16,0,1,12,87,0,14,85,4,4,93,6292,20,0,0,4801,76,1491,24,0,0,31532,NA,NA,NA,3652,58,1587,25,5708,2564,41,11517,2933,47,10174,1450,23,6182,6292,31532,370127049,9704,3219,51,21258,1585,25,5506,59,1,5630,1388,22,4290,584,9,5153,18621,59,19877,31,52369964,5397,7321,23,38528413,5263,68429795,9059309,8727150,332159,29530388,29840098,8964060,5954955,3009105,3469,55,31512,20,31512,NA,NA,18603,59,369910290,19884,18,90,216759,12042,9699,31,52341863,5397,5,25,28101,5620,7305,23,38368413,5252,16,80,160000,10000
uci,110653,1,29,3,4,36582,16525,20057,52,27,25,12789,5886,6903,796,278,518,8767,3146,5621,37,10,27,5517,2628,2889,2184,936,1248,741,346,395,5699,3268,2431,373,766,1139,35443,36582,35924,35511,1071,15,2,24,35,35,0,0,6,2,16,55,23,29503,6796,2883,19815,9,28884,6777,2825,19273,9,619,19,58,542,0,13,2,26,39,39,0,0,6,2,12,56,7079,6627,452,24,3,14,20,20,0,0,4,3,31,50,5540,944,4596,5139,855,4284,401,89,312,3,94,3,0,5222,525,1045,4,77,8,15,0,2,35,63,1,43,56,3,3,94,5656,20,0,0,4631,82,1025,18,0,0,28662,NA,NA,NA,4007,71,1999,35,6091,3044,54,11446,3181,56,10164,1413,25,6223,5656,28662,383286144,10688,3685,65,21533,1997,35,5644,1052,19,860,1342,24,4573,389,7,6828,18367,64,20868,37,57330020,5364,6250,22,33713633,5394,79348857,12176339,11271692,904647,34842238,32330280,8792774,6136653,2656121,3890,69,28651,11,28651,NA,NA,18356,64,383221760,20877,11,100,64384,5853,10688,37,57330020,5364,0,0,0,NA,6244,22,33659633,5391,6,55,54000,9000
ucla,110662,1,29,3,4,46678,19754,26924,82,33,49,12427,5345,7082,1686,563,1123,9677,3302,6375,73,29,44,11981,5239,6742,3095,1187,1908,1310,596,714,6347,3460,2887,73,917,990,45688,46678,45458,44730,1948,26,4,21,27,27,0,0,7,3,14,58,20,33040,6585,3699,22756,0,32472,6579,3656,22237,0,568,6,43,519,0,25,3,23,30,30,0,0,8,3,8,61,13638,12258,1380,27,4,15,19,19,0,0,4,2,28,50,10347,1066,9281,9329,1001,8328,1018,65,953,2,94,3,0,5193,873,516,3,79,13,8,0,1,11,88,0,13,87,5,5,91,6450,20,0,0,4949,77,1501,23,0,0,32423,NA,NA,NA,3846,60,1680,26,6335,2483,38,11535,2771,43,11285,1383,21,6406,6450,32423,374349242,8786,3144,49,22441,1668,26,5916,397,6,1950,1337,21,4696,192,3,13442,17820,55,21007,27,52500255,5975,6709,21,38552902,5746,70555464,10642063,9867987,774076,28641857,31271544,8858895,6278031,2580864,3451,54,32423,0,32423,NA,NA,17820,55,374349242,21007,0,0,0,NA,8786,27,52500255,5975,0,0,0,NA,6709,21,38552902,5746,0,0,0,NA
ucr,110671,1,29,3,4,26426,13274,13152,31,19,12,8650,4588,4062,901,354,547,9726,4074,5652,42,19,23,3162,1786,1376,1160,614,546,356,205,151,2398,1615,783,1278,795,2073,24353,26426,25832,25452,974,12,3,37,33,33,0,0,4,1,9,50,24,22646,5521,1249,15874,2,21979,5486,1227,15265,1,667,35,22,609,1,11,3,40,36,36,0,0,5,1,4,52,3780,3473,307,21,3,17,15,14,0,1,2,2,40,35,3768,1157,2611,3366,992,2374,402,165,237,4,91,5,0,5238,75,207,1,95,1,4,0,1,32,67,1,36,63,4,4,92,5522,24,0,0,5157,93,365,7,0,0,22911,NA,NA,NA,4157,75,2401,43,6363,3449,62,11769,3132,57,8728,1852,34,5468,5522,22911,333168315,10698,3858,70,21566,2399,43,5584,474,9,3972,1799,33,4710,108,2,15303,17059,74,19530,47,60900449,5693,7517,33,41884599,5572,83202984,15277978,13395020,1882958,40589783,27335223,10125822,8473134,1652688,4101,74,22842,69,22842,NA,NA,17047,75,332772183,19521,12,17,396132,33011,10695,47,60880814,5692,3,4,19635,6545,7511,33,41843807,5571,6,9,40792,6799
ucsd,110680,1,29,3,4,42376,20450,21926,42,18,24,12946,6312,6634,769,281,488,9348,3727,5621,29,13,16,7946,3787,4159,2464,1092,1372,1016,534,482,7816,4686,3130,1245,670,1915,40461,42376,41356,40716,1660,19,2,22,31,31,0,0,6,2,18,52,21,33792,7005,3211,23571,5,32852,6986,3138,22728,0,940,19,73,843,5,18,2,25,34,34,0,0,6,2,12,54,8584,7864,720,21,2,9,16,16,0,0,4,3,45,44,6393,1413,4980,5833,1240,4593,560,173,387,3,93,4,0,5556,668,777,4,79,10,11,0,1,18,81,1,21,78,1,6,93,6530,20,0,0,5293,81,1237,19,0,0,33096,NA,NA,NA,4552,70,2635,40,6283,3615,55,11710,3650,56,11334,1888,29,5294,6530,33096,411339163,10886,4147,64,24176,2622,40,5730,347,5,4413,1839,28,4057,205,3,12361,18879,57,21788,33,59306439,5448,7984,24,38763138,4855,100259022,16556409,15025047,1531362,42332622,41369991,9995376,7461336,2534040,4400,67,33092,4,33092,NA,NA,18875,57,411256699,21788,4,100,82464,20616,10886,33,59306439,5448,0,0,0,NA,7984,24,38763138,4855,0,0,0,NA
UCSantaBarbara,110705,1,29,3,4,26068,11441,14627,48,20,28,4678,2373,2305,565,204,361,6394,2244,4150,20,10,10,8369,3551,4818,2082,840,1242,662,311,351,3250,1888,1362,516,442,958,25110,26068,25586,25275,793,32,2,25,18,18,0,0,8,3,12,56,22,23232,5043,1899,16263,27,22659,5014,1853,15792,0,573,29,46,471,27,32,2,26,19,19,0,0,9,3,10,57,2836,2616,220,36,3,12,12,12,0,0,1,1,34,49,2591,519,2072,2339,456,1883,252,63,189,2,96,2,0,4023,465,554,1,80,9,11,0,0,8,92,0,9,91,0,4,96,4944,21,0,0,3815,77,1129,23,0,0,23459,NA,NA,NA,2851,58,1381,28,5906,2032,41,11579,2190,44,10142,1188,24,7480,4944,23459,252713897,6566,2480,50,21732,1373,28,5585,326,7,1499,1114,23,4326,683,14,5956,13285,57,19022,28,35148741,5353,4741,20,23474285,4951,53896215,8156515,7667818,488697,23527795,22211905,8886655,4818624,4068031,2685,54,23419,40,23419,NA,NA,13285,57,252713897,19022,0,0,0,NA,6566,28,35148741,5353,0,0,0,NA,4741,20,23474285,4951,0,0,0,NA
UCSC,110714,1,29,3,4,19764,9662,10102,18,9,9,4608,2613,1995,382,175,207,5359,2141,3218,24,11,13,6121,2960,3161,1599,740,859,461,272,189,1192,741,451,475,1600,2075,17689,19764,19377,19120,644,31,2,27,23,23,0,0,8,2,6,51,25,17812,4381,1115,12316,0,17227,4365,1104,11758,0,585,16,11,558,0,31,2,29,25,25,0,0,9,2,3,52,1952,1893,59,33,2,14,11,11,0,0,4,3,33,46,2081,633,1448,1941,539,1402,140,94,46,3,93,4,0,3996,301,83,1,91,7,2,0,1,28,71,1,31,68,0,1,99,3834,22,0,0,3427,89,407,11,0,0,17502,NA,NA,NA,2741,71,1214,32,5559,1979,52,11654,2192,57,10748,1331,35,6799,3834,17502,227817528,5557,2475,65,21564,1210,32,5547,20,1,1875,1229,32,4547,701,18,4937,10806,62,21083,32,29485689,5306,5151,29,29107533,5651,53370639,6748906,6711406,37500,23062332,23559401,9049022,5588378,3460644,2670,70,17502,0,17502,NA,NA,10806,62,227817528,21083,0,0,0,NA,5557,32,29485689,5306,0,0,0,NA,5151,29,29107533,5651,0,0,0,NA
ucmerced,445188,1,29,3,4,9147,4835,4312,14,6,8,1946,1213,733,425,217,208,4991,2299,2692,23,13,10,917,592,325,397,233,164,109,71,38,325,191,134,107,204,311,8836,9147,9079,9033,114,10,5,55,22,21,0,0,4,1,4,47,29,8372,2419,209,5744,0,8266,2400,207,5659,0,106,19,2,85,0,9,5,58,23,22,0,0,4,1,0,47,775,767,8,22,2,20,10,10,0,0,3,3,39,43,838,194,644,820,182,638,18,12,6,4,93,2,0,2396,9,14,0,99,0,1,0,0,10,90,0,11,89,0,0,100,2371,28,0,0,2363,100,8,0,0,0,8343,NA,NA,NA,2022,85,1389,59,6312,1778,75,11227,1692,71,11298,746,31,5023,2371,8343,170104717,4923,1924,81,24868,1295,55,5704,1286,54,1074,724,31,4710,30,1,11238,7125,85,23874,59,27689639,5625,2624,31,13768401,5247,47845168,8767788,7386423,1381365,19961609,19115771,3747067,3409939,337128,2009,85,8343,0,8343,NA,NA,7125,85,170104717,23874,0,0,0,NA,4923,59,27689639,5625,0,0,0,NA,2624,31,13768401,5247,0,0,0,NA
